{
  "Ho Chi Minh City": {
    "location": "Ho Chi Minh City",
    "mae": 6.767716322371441,
    "mse": 82.68128223529192,
    "rmse": 9.09292484491607,
    "mape": 8.272126969173437,
    "accuracy": 91.72787303082656,
    "test_days": 30,
    "mean_actual": 86.86666666666666,
    "mean_predicted": 86.15138558574269
  },
  "Ha Noi": {
    "location": "Ha Noi",
    "mae": 6.019248156797726,
    "mse": 53.84906115949718,
    "rmse": 7.338191954391571,
    "mape": 7.3126411216382845,
    "accuracy": 92.68735887836172,
    "test_days": 30,
    "mean_actual": 86.5,
    "mean_predicted": 86.8543523768996
  },
  "Da Nang": {
    "location": "Da Nang",
    "mae": 6.975214270347075,
    "mse": 73.2473165724544,
    "rmse": 8.558464615364977,
    "mape": 7.899624401291979,
    "accuracy": 92.10037559870803,
    "test_days": 30,
    "mean_actual": 90.56666666666666,
    "mean_predicted": 89.9585981028279
  }
}