{
  "Ludhiana Central": {
    "location": "Ludhiana Central",
    "mae": 0.7477888612840602,
    "mse": 0.7427755308282912,
    "rmse": 0.8618442613536921,
    "mape": 64.40021364827263,
    "smape": 151.04546112806545,
    "accuracy": 35.599786351727374,
    "test_days": 30,
    "mean_actual": 0.4666666666666667,
    "mean_predicted": -0.28036694294418213,
    "non_zero_samples": 14
  },
  "Ludhiana South": {
    "location": "Ludhiana South",
    "mae": 0.671140486353186,
    "mse": 0.6140142723805251,
    "rmse": 0.783590628058124,
    "mape": 138.89393265872044,
    "smape": 200.0,
    "accuracy": 0.0,
    "test_days": 30,
    "mean_actual": 0.03333333333333333,
    "mean_predicted": 0.08063645991182468,
    "non_zero_samples": 1
  },
  "Punjab Urban": {
    "location": "Punjab Urban",
    "mae": 1.1296959605908674,
    "mse": 1.5907807962479137,
    "rmse": 1.2612615891431538,
    "mape": 95.81747765279974,
    "smape": 172.87397608134214,
    "accuracy": 4.182522347200262,
    "test_days": 30,
    "mean_actual": 0.4666666666666667,
    "mean_predicted": 0.6526904440896624,
    "non_zero_samples": 14
  }
}