{
  "Ludhiana Central": {
    "y_ema_0.5": 0.6660528779029846,
    "y_lag_1": 0.044981297105550766,
    "lag_30": 0.03559746593236923,
    "y_trend_7d": 0.03534998372197151,
    "y_trend_30d": 0.03179682418704033,
    "y_rolling_max_7": 0.021402493119239807,
    "lag_7": 0.01830151677131653,
    "rolling_mean_7": 0.01331231277436018,
    "y_lag_30": 0.010329730808734894,
    "y_rolling_std_7": 0.01030994113534689,
    "y_lag_7": 0.008740337565541267,
    "rolling_std_7": 0.007338867522776127,
    "day_of_year": 0.0048627895303070545,
    "y_rolling_min_7": 0.004314374178647995,
    "quarterly_sin": 0.0042833974584937096,
    "y_ema_0.3": 0.004165399353951216,
    "y_rolling_mean_30": 0.0038540244568139315,
    "y_rolling_mean_7": 0.0034865248017013073,
    "disease_severity": 0.0034381989389657974,
    "lag_1": 0.003412428544834256,
    "annual_sin_3": 0.003395601874217391,
    "y_rolling_std_30": 0.0027651942800730467,
    "monthly_cos_1": 0.0027353051118552685,
    "is_weekend": 0.002612594049423933,
    "annual_sin_5": 0.0023970510810613632,
    "rolling_mean_14": 0.002357322257012129,
    "rolling_mean_30": 0.0023523166310042143,
    "rolling_std_14": 0.002328410279005766,
    "quarterly_cos": 0.002141732256859541,
    "y_rolling_std_14": 0.0021055478136986494,
    "y_lag_14": 0.0020924268756061792,
    "lag_14": 0.0020864547695964575,
    "annual_cos_3": 0.001928824931383133,
    "temp_cos": 0.0018704368267208338,
    "weekly_sin_3": 0.001840200275182724,
    "y_rolling_mean_14": 0.0017833918100222945,
    "annual_cos_5": 0.0016004331409931183,
    "weekend_dry_season": 0.0015588401583954692,
    "monthly_sin_1": 0.0015322965336963534,
    "annual_cos_4": 0.0015120188472792506,
    "temp_sin": 0.0014929933240637183,
    "y_rolling_min_14": 0.001351213431917131,
    "y_ema_0.1": 0.0012955644633620977,
    "month": 0.0012891795486211777,
    "annual_cos_2": 0.0012888486962765455,
    "rolling_std_30": 0.0012417909456416965,
    "day_of_month": 0.0012030015932396054,
    "weekly_sin_1": 0.0011707812082022429,
    "annual_sin_4": 0.0011699108872562647,
    "y_rolling_max_30": 0.0011495265644043684,
    "annual_sin_2": 0.0011416260385885835,
    "day_of_week": 0.0011283437488600612,
    "y_rolling_min_30": 0.001078894012607634,
    "y_rolling_max_14": 0.0010697933612391353,
    "monthly_cos_2": 0.0010524812387302518,
    "week_of_year": 0.0010339721338823438,
    "weekly_cos_3": 0.0009950435487553477,
    "monthly_sin_2": 0.000902875151950866,
    "weekly_cos_1": 0.0006169449770823121,
    "is_tet_period": 0.0,
    "is_hung_kings_day": 0.0,
    "is_liberation_day": 0.0,
    "is_labor_day": 0.0,
    "is_national_day": 0.0,
    "is_mid_autumn": 0.0,
    "is_major_holiday": 0.0,
    "pre_holiday": 0.0,
    "post_holiday": 0.0,
    "is_tet_season": 0.0,
    "quarter": 0.0,
    "is_dry_season": 0.0,
    "is_rainy_season": 0.0,
    "is_southwest_monsoon": 0.0,
    "is_northeast_monsoon": 0.0,
    "humidity_factor": 0.0,
    "climate_temp_variation": 0.0,
    "climate_humidity_base": 0.0,
    "extreme_heat_risk": 0.0,
    "flood_risk_season": 0.0,
    "population": 0.0,
    "is_major_city": 0.0,
    "is_coastal_city": 0.0,
    "is_delta_region": 0.0,
    "is_economic_hub": 0.0,
    "is_industrial_city": 0.0,
    "is_tourism_city": 0.0,
    "healthcare_capacity_factor": 0.0,
    "elderly_population_factor": 0.0,
    "working_age_factor": 0.0,
    "weekend_rainy_season": 0.0,
    "holiday_dry_season": 0.0,
    "holiday_rainy_season": 0.0,
    "large_city_rainy": 0.0,
    "coastal_monsoon": 0.0,
    "economic_hub_holiday": 0.0,
    "tourism_season": 0.0,
    "capacity_holiday_stress": 0.0,
    "capacity_weather_stress": 0.0,
    "month_population": 0.0,
    "quarter_economic": 0.0,
    "y_volatility_7d": 0.0,
    "y_volatility_30d": 0.0,
    "annual_sin_1": 0.0,
    "annual_cos_1": 0.0,
    "weekly_sin_2": 0.0,
    "weekly_cos_2": 0.0
  },
  "Ludhiana South": {
    "y_ema_0.5": 0.34849435091018677,
    "y_ema_0.3": 0.2730879783630371,
    "y_trend_7d": 0.04303840175271034,
    "y_trend_30d": 0.0383010059595108,
    "y_lag_1": 0.030842039734125137,
    "y_rolling_max_7": 0.02735997550189495,
    "lag_30": 0.027245761826634407,
    "y_rolling_min_7": 0.022271478548645973,
    "lag_1": 0.01334823202341795,
    "rolling_mean_7": 0.01285794097930193,
    "y_rolling_min_30": 0.012064117006957531,
    "y_rolling_std_7": 0.0088271489366889,
    "y_lag_30": 0.008414502255618572,
    "rolling_std_30": 0.007753279991447926,
    "lag_7": 0.006578938104212284,
    "y_lag_7": 0.0061136591248214245,
    "month": 0.005963470321148634,
    "disease_severity": 0.005368203390389681,
    "rolling_std_7": 0.004690493457019329,
    "y_rolling_mean_7": 0.004468349274247885,
    "quarterly_sin": 0.004164982587099075,
    "rolling_std_14": 0.004142212215811014,
    "monthly_cos_1": 0.003877258161082864,
    "y_rolling_max_30": 0.003866042708978057,
    "weekly_sin_2": 0.003795367432758212,
    "y_volatility_7d": 0.0037003776524215937,
    "annual_sin_2": 0.0030149011872708797,
    "y_ema_0.1": 0.0028830613009631634,
    "weekly_cos_2": 0.0028085222002118826,
    "y_rolling_std_30": 0.002803002018481493,
    "y_rolling_mean_14": 0.002772483043372631,
    "y_rolling_std_14": 0.002674061805009842,
    "annual_sin_4": 0.0026127879973500967,
    "day_of_week": 0.002605134155601263,
    "annual_cos_2": 0.0024743410758674145,
    "rolling_mean_14": 0.002460695104673505,
    "temp_sin": 0.002423323458060622,
    "y_rolling_max_14": 0.0023864551912993193,
    "annual_cos_4": 0.0023782234638929367,
    "annual_cos_3": 0.0023557499516755342,
    "temp_cos": 0.002331589348614216,
    "weekly_cos_3": 0.0021770456805825233,
    "day_of_year": 0.001966853393241763,
    "annual_cos_1": 0.0018252264708280563,
    "y_rolling_mean_30": 0.001811954309232533,
    "y_lag_14": 0.0017970746848732233,
    "y_rolling_min_14": 0.0017803290393203497,
    "annual_sin_5": 0.0017724244389683008,
    "annual_cos_5": 0.001691852230578661,
    "monthly_sin_2": 0.0016802430618554354,
    "day_of_month": 0.0016797707648947835,
    "monthly_sin_1": 0.0016476322198286653,
    "week_of_year": 0.001594964531250298,
    "rolling_mean_30": 0.0015781510155647993,
    "monthly_cos_2": 0.0015167994424700737,
    "annual_sin_3": 0.0011615898692980409,
    "weekly_cos_1": 0.0009935598354786634,
    "annual_sin_1": 0.000949752633459866,
    "weekly_sin_3": 0.0009473074460402131,
    "quarterly_cos": 0.0009376048692502081,
    "y_volatility_30d": 0.0008700009784661233,
    "is_weekend": 0.0,
    "is_tet_period": 0.0,
    "is_hung_kings_day": 0.0,
    "is_liberation_day": 0.0,
    "is_labor_day": 0.0,
    "is_national_day": 0.0,
    "is_mid_autumn": 0.0,
    "is_major_holiday": 0.0,
    "pre_holiday": 0.0,
    "post_holiday": 0.0,
    "is_tet_season": 0.0,
    "quarter": 0.0,
    "is_dry_season": 0.0,
    "is_rainy_season": 0.0,
    "is_southwest_monsoon": 0.0,
    "is_northeast_monsoon": 0.0,
    "humidity_factor": 0.0,
    "climate_temp_variation": 0.0,
    "climate_humidity_base": 0.0,
    "extreme_heat_risk": 0.0,
    "flood_risk_season": 0.0,
    "population": 0.0,
    "is_major_city": 0.0,
    "is_coastal_city": 0.0,
    "is_delta_region": 0.0,
    "is_economic_hub": 0.0,
    "is_industrial_city": 0.0,
    "is_tourism_city": 0.0,
    "healthcare_capacity_factor": 0.0,
    "elderly_population_factor": 0.0,
    "working_age_factor": 0.0,
    "weekend_dry_season": 0.0,
    "weekend_rainy_season": 0.0,
    "holiday_dry_season": 0.0,
    "holiday_rainy_season": 0.0,
    "large_city_rainy": 0.0,
    "coastal_monsoon": 0.0,
    "economic_hub_holiday": 0.0,
    "tourism_season": 0.0,
    "capacity_holiday_stress": 0.0,
    "capacity_weather_stress": 0.0,
    "month_population": 0.0,
    "quarter_economic": 0.0,
    "weekly_sin_1": 0.0,
    "lag_14": 0.0
  },
  "Punjab Urban": {
    "y_ema_0.5": 0.6541301608085632,
    "y_lag_1": 0.06548736244440079,
    "y_trend_30d": 0.04411580413579941,
    "y_trend_7d": 0.04202238470315933,